{
  "$schema": "https://schema.management.azure.com/schemas/2015-01-01/deploymentParameters.json#",
  "contentVersion": "1.0.0.0",
  "parameters": {
    "vmName": {
      "value": "WebAppVM"
    },
    "adminUsername": {
      "value": "student"
    },
    "adminPassword": {
      "value": "Password.111"
    },
    "AutomationRegistrationUrl": {
      "value": "https://107fe2f6-3937-4b72-894a-5f23e7cc049f.agentsvc.sea.azure-automation.net/accounts/107fe2f6-3937-4b72-894a-5f23e7cc049f"
    },
    "AutomationRegistrationKey": {
      "value": "wkaPPH68dz8T/huqUMOe/rXqOnpz+BsY1D69t2vm1szkjKqjBVpfzGejq9TMUITBrYiOfqjMiHxZMPmoh62Qxg=="
    }
  }
}